{
	"credit": "Made with Blockbench",
	"texture_size": [64, 64],
	"textures": {
		"particle": "#texture"
	},
	"elements": [
		{
			"from": [0, -9, 0],
			"to": [16, 25, 16],
			"faces": {
				"north": {"uv": [0, 0, 4, 8.5], "texture": "#texture"},
				"east": {"uv": [0, 0, 4, 8.5], "texture": "#texture"},
				"south": {"uv": [0, 0, 4, 8.5], "texture": "#texture"},
				"west": {"uv": [0, 0, 4, 8.5], "texture": "#texture"},
				"up": {"uv": [4, 0, 8, 4], "texture": "#texture"},
				"down": {"uv": [4.5, 0.75, 8.5, 4.75], "texture": "#texture"}
			}
		},
		{
			"from": [7, -16, 7],
			"to": [9, 32, 9],
			"faces": {
				"north": {"uv": [0, 0, 0.5, 0.25], "texture": "#texture"},
				"east": {"uv": [0, 0, 0.5, 0.25], "texture": "#texture"},
				"south": {"uv": [0, 0, 0.5, 0.25], "texture": "#texture"},
				"west": {"uv": [0, 0, 0.5, 0.25], "texture": "#texture"},
				"up": {"uv": [5, 2, 5.5, 2.5], "texture": "#texture"},
				"down": {"uv": [6.75, 0.75, 7.25, 1.25], "texture": "#texture"}
			}
		},
		{
			"from": [6, -15, 6],
			"to": [10, 31, 10],
			"faces": {
				"north": {"uv": [0, 0, 1, 0.25], "texture": "#texture"},
				"east": {"uv": [0, 0, 1, 0.25], "texture": "#texture"},
				"south": {"uv": [0, 0, 1, 0.25], "texture": "#texture"},
				"west": {"uv": [0, 0, 1, 0.25], "texture": "#texture"},
				"up": {"uv": [6.75, 0.25, 7.75, 1.25], "texture": "#texture"},
				"down": {"uv": [4.5, 2.5, 5.5, 3.5], "texture": "#texture"}
			}
		},
		{
			"from": [5, -14, 5],
			"to": [11, 30, 11],
			"faces": {
				"north": {"uv": [2.5, 0, 4, 0.25], "texture": "#texture"},
				"east": {"uv": [1.5, 0, 3, 0.25], "texture": "#texture"},
				"south": {"uv": [1.5, 0, 3, 0.25], "texture": "#texture"},
				"west": {"uv": [2.5, 0, 4, 0.25], "texture": "#texture"},
				"up": {"uv": [5.5, 0.5, 7, 2], "texture": "#texture"},
				"down": {"uv": [4.5, 2.25, 6, 3.75], "texture": "#texture"}
			}
		},
		{
			"from": [4, -13, 4],
			"to": [12, 29, 12],
			"faces": {
				"north": {"uv": [7.25, 1, 9.25, 1.25], "texture": "#texture"},
				"east": {"uv": [6.25, 0.5, 8.25, 0.75], "texture": "#texture"},
				"south": {"uv": [4.5, 1.25, 6.5, 1.5], "texture": "#texture"},
				"west": {"uv": [8.75, 1, 10.75, 1.25], "texture": "#texture"},
				"up": {"uv": [5.25, 1.25, 7.25, 3.25], "texture": "#texture"},
				"down": {"uv": [4.25, 1.75, 6.25, 3.75], "texture": "#texture"}
			}
		},
		{
			"from": [3, -12, 3],
			"to": [13, 28, 13],
			"faces": {
				"north": {"uv": [5.25, 2, 7.75, 2.25], "texture": "#texture"},
				"east": {"uv": [4.25, 3.25, 6.75, 3.5], "texture": "#texture"},
				"south": {"uv": [5.75, 2.5, 8.25, 2.75], "texture": "#texture"},
				"west": {"uv": [6.25, 0.5, 8.75, 0.75], "texture": "#texture"},
				"up": {"uv": [4.25, 0.25, 6.75, 2.75], "texture": "#texture"},
				"down": {"uv": [5, 1, 7.5, 3.5], "texture": "#texture"}
			}
		},
		{
			"from": [2, -11, 2],
			"to": [14, 27, 14],
			"faces": {
				"north": {"uv": [4.75, 4.25, 7.75, 4.5], "texture": "#texture"},
				"east": {"uv": [5.25, 3.5, 8.25, 3.75], "texture": "#texture"},
				"south": {"uv": [4.75, 2.5, 7.75, 2.75], "texture": "#texture"},
				"west": {"uv": [5.25, 1.25, 8.25, 1.5], "texture": "#texture"},
				"up": {"uv": [4.25, 1, 7.25, 4], "texture": "#texture"},
				"down": {"uv": [5.75, 0.25, 8.75, 3.25], "texture": "#texture"}
			}
		},
		{
			"from": [1, -10, 1],
			"to": [15, 26, 15],
			"faces": {
				"north": {"uv": [5.75, 0.75, 9.25, 1], "texture": "#texture"},
				"east": {"uv": [4.25, 4, 7.75, 4.25], "texture": "#texture"},
				"south": {"uv": [0, 8.25, 3.5, 8.5], "texture": "#texture"},
				"west": {"uv": [9.25, 0.5, 12.75, 0.75], "texture": "#texture"},
				"up": {"uv": [5.75, 1.5, 9.25, 5], "texture": "#texture"},
				"down": {"uv": [3.75, 0, 7.25, 3.5], "texture": "#texture"}
			}
		}
	]
}