{
	"credit": "Made with Blockbench",
	"textures": {
		"particle": "#texture"
	},
	"elements": [
		{
			"from": [3, 0, -5],
			"to": [13, 17, -3],
			"rotation": {"angle": 0, "axis": "y", "origin": [0, 8.5, 0]},
			"faces": {
				"north": {"uv": [0, 0, 5, 8.5], "texture": "#texture"},
				"east": {"uv": [5, 0, 6, 8.5], "texture": "#texture"},
				"south": {"uv": [6, 0, 11, 8.5], "texture": "#texture"},
				"west": {"uv": [11, 0, 12, 8.5], "texture": "#texture"},
				"up": {"uv": [5, 9.5, 0, 8.5], "rotation": 180, "texture": "#texture"},
				"down": {"uv": [10, 8.5, 5, 9.5], "rotation": 180, "texture": "#texture"}
			}
		}
	]
}