{
	"credit": "Made with Blockbench",
	"textures": {
		"10": "block/wildfire/head"
	},
	"elements": [
		{
			"from": [0, 0, 0],
			"to": [16, 16, 16],
			"faces": {
				"north": {"uv": [0, 0, 4, 4], "texture": "#10"},
				"east": {"uv": [4, 0, 8, 4], "texture": "#10"},
				"south": {"uv": [8, 0, 12, 4], "texture": "#10"},
				"west": {"uv": [12, 0, 16, 4], "texture": "#10"},
				"up": {"uv": [0, 4, 4, 8], "texture": "#10"},
				"down": {"uv": [4, 4, 8, 8], "texture": "#10"}
			}
		},
		{
			"from": [-0.5, 0.5, -0.5],
			"to": [16.5, 17.5, 16.5],
			"faces": {
				"north": {"uv": [0, 8, 4, 12.5], "texture": "#10"},
				"east": {"uv": [12, 8, 16, 12.5], "texture": "#10", "cullface": "east"},
				"south": {"uv": [8, 8, 12, 12.5], "texture": "#10"},
				"west": {"uv": [4, 8, 8, 12.5], "texture": "#10"},
				"down": {"uv": [0, 0, 0, 0], "texture": "#10"}
			}
		},
		{
			"from": [-0.5, 0.5, -0.5],
			"to": [-0.5, 17.5, 16.5],
			"faces": {
				"east": {"uv": [8, 8.5, 4, 12.5], "texture": "#10"}
			}
		},
		{
			"from": [16.5, 0.5, -0.5],
			"to": [16.5, 17.5, 16.5],
			"faces": {
				"west": {"uv": [16, 8.5, 12, 12.5], "texture": "#10"}
			}
		},
		{
			"from": [-0.5, 0.5, 16.5],
			"to": [16.5, 17.5, 16.5],
			"faces": {
				"north": {"uv": [8, 8.5, 12, 12.5], "texture": "#10"}
			}
		},
		{
			"from": [-0.5, 0.5, -0.5],
			"to": [16.5, 17.5, -0.5],
			"faces": {
				"south": {"uv": [0, 8, 4, 12.5], "texture": "#10"}
			}
		}
	]
}