{
	"credit": "Made with Blockbench",
	"texture_size": [32, 32],
	"textures": {
		"4": "block/wildfire/body"
	},
	"elements": [
		{
			"from": [6, 0, 6],
			"to": [10, 20, 10],
			"faces": {
				"north": {"uv": [2, 0, 4, 10], "texture": "#4"},
				"east": {"uv": [0, 0, 2, 10], "texture": "#4"},
				"south": {"uv": [2, 0, 4, 10], "texture": "#4"},
				"west": {"uv": [0, 0, 2, 10], "texture": "#4"},
				"up": {"uv": [4, 2, 6, 4], "texture": "#4"},
				"down": {"uv": [4, 0, 6, 2], "texture": "#4"}
			}
		}
	]
}