{
    "parent": "minecraft:item/generated",
    "textures": {
      "layer0": "minecraft:item/stick"
    },
    "overrides": [
      {
        "predicate": {
          "custom_model_data": 26209
        },
        "model": "invminecarts:minecart/normal"
      },
      {
        "predicate": {
          "custom_model_data": 7614161
        },
        "model": "backpacks:item/backpacks/normal/backpack_1"
      },
      {
        "predicate": {
          "custom_model_data": 7614162
        },
        "model": "backpacks:item/backpacks/normal/backpack_2"
      },
      {
        "predicate": {
          "custom_model_data": 7614163
        },
        "model": "backpacks:item/backpacks/normal/backpack_3"
      },
      {
        "predicate": {
          "custom_model_data": 7614164
        },
        "model": "backpacks:item/backpacks/ender/ender_backpack"
      }
    ]
  }
  