{
	"credit": "Made with Blockbench",
	"textures": {
		"0": "minecraft:item/lock/large",
		"particle": "minecraft:item/lock/large"
	},
	"elements": [
		{
			"name": "shackle",
			"from": [5.5, 5, 8],
			"to": [10.5, 9, 8],
			"faces": {
				"north": {"uv": [7, 0, 12, 4], "texture": "#0"},
				"east": {"uv": [0, 0, 0, 4], "texture": "#0"},
				"south": {"uv": [7, 4, 12, 8], "texture": "#0"},
				"west": {"uv": [0, 0, 0, 4], "texture": "#0"},
				"up": {"uv": [5, 0, 0, 0], "texture": "#0"},
				"down": {"uv": [5, 0, 0, 0], "texture": "#0"}
			}
		},
		{
			"name": "body",
			"from": [4.5, 0, 7],
			"to": [11.5, 5, 9],
			"faces": {
				"north": {"uv": [0, 0, 7, 5], "texture": "#0"},
				"east": {"uv": [7, 10, 9, 15], "texture": "#0"},
				"south": {"uv": [0, 5, 7, 10], "texture": "#0"},
				"west": {"uv": [9, 10, 11, 15], "texture": "#0"},
				"up": {"uv": [14, 10, 7, 8], "texture": "#0"},
				"down": {"uv": [7, 10, 0, 12], "texture": "#0"}
			}
		}
	],
	"display": {
		"thirdperson_righthand": {
			"rotation": [62, 0, 0],
			"translation": [1, 9.25, 0]
		}
	}
}