{
	"credit": "Made with Blockbench",
	"textures": {
		"0": "minecraft:item/lock/medium",
		"particle": "minecraft:item/lock/medium"
	},
	"elements": [
		{
			"name": "shackle",
			"from": [6, 4, 8],
			"to": [10, 7, 8],
			"faces": {
				"north": {"uv": [5, 0, 9, 3], "texture": "#0"},
				"east": {"uv": [0, 0, 0, 3], "texture": "#0"},
				"south": {"uv": [5, 3, 9, 6], "texture": "#0"},
				"west": {"uv": [0, 0, 0, 3], "texture": "#0"},
				"up": {"uv": [5, 0, 0, 0], "texture": "#0"},
				"down": {"uv": [5, 0, 0, 0], "texture": "#0"}
			}
		},
		{
			"name": "body",
			"from": [5.5, 0, 7],
			"to": [10.5, 4, 9],
			"faces": {
				"north": {"uv": [0, 0, 5, 4], "texture": "#0"},
				"east": {"uv": [5, 8, 7, 12], "texture": "#0"},
				"south": {"uv": [0, 4, 5, 8], "texture": "#0"},
				"west": {"uv": [7, 8, 9, 12], "texture": "#0"},
				"up": {"uv": [10, 8, 5, 6], "texture": "#0"},
				"down": {"uv": [5, 8, 0, 10], "texture": "#0"}
			}
		}
	],
	"display": {
		"thirdperson_righthand": {
			"translation": [13.5, 0, 0]
		}
	}
}