{
	"credit": "Made with Blockbench",
	"textures": {
		"0": "minecraft:item/lock/small",
		"particle": "minecraft:item/lock/small"
	},
	"elements": [
		{
			"name": "shackle",
			"from": [6.5, 3, 8],
			"to": [9.5, 6, 8],
			"faces": {
				"north": {"uv": [5, 0, 8, 3], "texture": "#0"},
				"east": {"uv": [0, 0, 0, 3], "texture": "#0"},
				"south": {"uv": [5, 3, 8, 6], "texture": "#0"},
				"west": {"uv": [0, 0, 0, 3], "texture": "#0"},
				"up": {"uv": [5, 0, 0, 0], "texture": "#0"},
				"down": {"uv": [5, 0, 0, 0], "texture": "#0"}
			}
		},
		{
			"name": "body",
			"from": [5.5, 0, 7],
			"to": [10.5, 3, 9],
			"faces": {
				"north": {"uv": [0, 0, 5, 3], "texture": "#0"},
				"east": {"uv": [0, 8, 2, 11], "texture": "#0"},
				"south": {"uv": [0, 3, 5, 6], "texture": "#0"},
				"west": {"uv": [2, 8, 4, 11], "texture": "#0"},
				"up": {"uv": [5, 8, 0, 6], "texture": "#0"},
				"down": {"uv": [10, 6, 5, 8], "texture": "#0"}
			}
		}
	],
	"display": {}
}